rank,tag,frequency,sources
1,Blueprint,180,"extracted_tags, gemini_system_tags"
2,Materials,121,"extracted_tags, gemini_system_tags"
3,level,91,"ai_tags, transcript_tags"
4,editor,89,"ai_tags, transcript_tags"
5,Niagara,88,"extracted_tags, gemini_system_tags"
6,material,79,"ai_tags, transcript_tags"
7,blueprint,66,"ai_tags, transcript_tags"
8,Lighting,66,"extracted_tags, gemini_system_tags"
9,Animation,65,"extracted_tags, gemini_system_tags"
10,camera,61,"ai_tags, transcript_tags"
11,actor,61,"ai_tags, transcript_tags"
12,button,61,"ai_tags, transcript_tags"
13,tool,57,"ai_tags, transcript_tags"
14,Actor,54,extracted_tags
15,Sequencer,54,"extracted_tags, gemini_system_tags"
16,animation,53,"ai_tags, transcript_tags"
17,lighting,52,"ai_tags, transcript_tags"
18,rendering.material,50,canonical_tags
19,scripting.blueprint,46,canonical_tags
20,Editor,46,extracted_tags
21,UMG,46,"extracted_tags, gemini_system_tags"
22,Mesh,45,extracted_tags
23,cinematic.sequencer,43,canonical_tags
24,ui.umg,43,canonical_tags
25,node,42,"ai_tags, transcript_tags"
26,Lumen,40,"extracted_tags, gemini_system_tags"
27,sequencer,39,"ai_tags, transcript_tags"
28,animation.general,38,canonical_tags
29,character,37,"ai_tags, transcript_tags"
30,graph,35,"ai_tags, transcript_tags"
31,rendering.lighting,34,canonical_tags
32,Texture,33,extracted_tags
33,component,30,"ai_tags, transcript_tags"
34,menu,30,"ai_tags, transcript_tags"
35,Component,29,extracted_tags
36,Character,29,extracted_tags
37,interface,28,"ai_tags, transcript_tags"
38,skeletal,27,"ai_tags, transcript_tags"
39,lod,26,"ai_tags, transcript_tags"
40,volume,26,"ai_tags, transcript_tags"
41,compile,26,"ai_tags, transcript_tags"
42,Plugin,26,extracted_tags
43,umg,26,"ai_tags, transcript_tags"
44,event,26,"ai_tags, transcript_tags"
45,rig,24,"ai_tags, transcript_tags"
46,Function,24,extracted_tags
47,Landscape,23,"extracted_tags, gemini_system_tags"
48,plugin,23,"ai_tags, transcript_tags"
49,optimization,23,"ai_tags, transcript_tags"
50,ui,23,"ai_tags, transcript_tags"
51,Event,23,extracted_tags
52,Nanite,22,"extracted_tags, gemini_system_tags"
53,track,22,"ai_tags, transcript_tags"
54,Variable,22,extracted_tags
55,build,20,"ai_tags, transcript_tags"
56,Performance,20,extracted_tags
57,skeleton,20,"ai_tags, transcript_tags"
58,performance,19,"ai_tags, transcript_tags"
59,variable,19,"ai_tags, transcript_tags"
60,environment.landscape,18,canonical_tags
61,Foliage,18,"extracted_tags, gemini_system_tags"
62,landscape,18,"ai_tags, transcript_tags"
63,lumen,17,"ai_tags, transcript_tags"
64,body,17,"ai_tags, transcript_tags"
65,Viewport,17,extracted_tags
66,controller,16,"ai_tags, transcript_tags"
67,target,16,"ai_tags, transcript_tags"
68,environment.foliage,15,canonical_tags
69,optimization.lod,15,canonical_tags
70,function,15,"ai_tags, transcript_tags"
71,animation.control_rig,15,canonical_tags
72,ray tracing,14,"ai_tags, transcript_tags"
73,techniques,14,ai_tags
74,industry.aec,14,canonical_tags
75,Reference,14,extracted_tags
76,Control Rig,14,"extracted_tags, gemini_system_tags"
77,foliage,13,"ai_tags, transcript_tags"
78,rendering.lumen,13,canonical_tags
79,tools,13,ai_tags
80,aec,13,ai_tags
81,MetaHuman,13,"extracted_tags, gemini_system_tags"
82,nanite,12,"ai_tags, transcript_tags"
83,optimization.general,12,canonical_tags
84,niagara,12,"ai_tags, transcript_tags"
85,pose,12,"ai_tags, transcript_tags"
86,unreal,12,ai_tags
87,metahuman,12,"ai_tags, transcript_tags"
88,focus,11,ai_tags
89,quickstart,11,ai_tags
90,thankyou,11,ai_tags
91,physics.general,11,canonical_tags
92,session,11,"ai_tags, transcript_tags"
93,rendering.postprocess,11,canonical_tags
94,Rendering,11,extracted_tags
95,control_rig,11,ai_tags
96,engine,11,ai_tags
97,Interface,11,extracted_tags
98,World Partition,10,"extracted_tags, gemini_system_tags"
99,Static Mesh,10,extracted_tags
100,collision,10,"ai_tags, transcript_tags"
