Index,Code,Title,Issues
0,"219.00","WBD-World Building for Virtual Production","missing_video_url"
1,"219.01","World Building for Virtual Production","missing_video_url"
2,"111.00","Landscape_Quickstart Landscape","missing_video_url"
3,"211.02","Landscape World Building Layout","missing_video_url"
4,"311.01","Landscape Materials Creation","missing_video_url"
5,"311.03","Landscape Foliage & Grass","missing_video_url"
6,"311.04","World Partition Techniques and Application","missing_video_url"
7,"111.02","Quickstart Water Tools","missing_video_url"
8,"311.02","Advanced Landscape Sculpting & Painting","missing_video_url"
9,"311.05","Landscape Creation 5.00","missing_video_url"
10,"110.01","Niagar-Introduction","missing_video_url"
11,"210.01","Niagara Liquids","missing_video_url"
12,"310.01","Niagara - Stylized Effects","missing_video_url"
13,"104.01","Intro to optimization for mobile 5.00","missing_video_url"
14,"204.02","Optimization for AEC - Profiling","missing_video_url"
15,"204.07","Optimization for Linear Content - Niagara and Foli","missing_video_url"
16,"204.06","Optimization for Linear Content - Lighting and Eff","missing_video_url"
17,"204.05","Optimization for Linear Content - Profiling and Ge","missing_video_url"
18,"204.03","Optimization for AEC - Tools","missing_video_url"
19,"204.08","Optimization for Games - 5.0","missing_video_url"
20,"204.04","Optimization for HMI","missing_video_url"
21,"207.03","Animation Retargeting and Crowds","missing_video_url"
22,"207.01","Animation_Alembic Importing and Live Link","missing_video_url"
23,"207.02","Animation_Animation Blueprints and Take Recorder","missing_video_url"
24,"107.04","Animation-Introduction for Automotive","missing_video_url"
25,"307.00","Real-Time Workflows for Animation","missing_video_url"
26,"307.01","Runtime Animation - Speed Warping & Slope Warping","missing_video_url"
27,"202.02","Blueprint_Blueprint Project Your First Mobile App ","missing_video_url"
28,"202.05","Blueprint_UMG Fundamentals for HMI - UMG Design","missing_video_url"
29,"202.06","Blueprint_UMG Fundamentals for HMI - Materials","missing_video_url"
30,"202.07","Blueprint_UMG Fundamentals for HMI - Lights and Ca","missing_video_url"
31,"102.03","Blueprint_QuickStart_Blueprint for Virtual Product","missing_video_url"
32,"202.03","Blueprint -Tool Creation","missing_video_url"
33,"102.00","Quickstart for UI Creation within UE","missing_video_url"
34,"102.04","Blueprint and UMG for AEC","missing_video_url"
35,"102.05","Blueprint - Odyssey Brush Customization","missing_video_url"
36,"202.04","Editor Utility Widgets for AEC","missing_video_url"
37,"202.08","Intermediate HMI Pipeline","missing_video_url"
38,"209.01","Final Output _Post Processing and Rendering for Vi","missing_video_url"
39,"209.02","Final Output - Rendering Tools and Techniques","missing_video_url"
40,"209.03","Final Output - Render Graph Tools and Techniques","missing_video_url"
41,"100.01","Introduction to Unreal Engine","missing_video_url"
42,"100.02","QuickStart - Your First Project in Unreal Engine","missing_video_url"
43,"100.08","Transitioning from Legacy Production to Unreal Eng","missing_video_url"
44,"100.07","Quick Start - Your first Project in Unreal for AEC","missing_video_url"
45,"100.03","QuickStart-Your first project in Unreal Engine for","missing_video_url"
46,"100.09","Quickstart Your first Project in Unreal Engine for","missing_video_url"
47,"100.10","Introduction to Automotive Visualization in Unreal","missing_video_url"
48,"100.14","Quickstart for Executives","missing_video_url"
49,"100.04","Your First Project in Unreal for Games","missing_video_url"
50,"103.02","Lighting-Introduction for AEC","missing_video_url"
51,"203.02","Lighting_Cinematic_Fundamentals","missing_video_url"
52,"203.04","Path Tracer","missing_video_url"
53,"203.05","ICVFX Lighting_DMX_Control_and_Lightcards","missing_duration_minutes;missing_video_url"
54,"303.00","Lighting_for_Architecture-Ray Tracing","missing_video_url"
55,"203.00","Lighting_for_Architecture_Light Baking","missing_video_url"
56,"101.01","Materials_Introduction","missing_video_url"
57,"101.02","Materials_Introduction for AEC","missing_video_url"
58,"301.01","Materials - Composition Tools and Techniques","missing_video_url"
59,"201.07","Materials_for_Architecture-Intermediate Techniques","missing_video_url"
60,"201.06","Materials_for_Architecture-Masking and Translucenc","missing_video_url"
61,"201.04","Materials - Stylization Tools and Techniques","missing_video_url"
62,"101.03","Materials - Mastering Substrate","missing_video_url"
63,"201.09","Mastering VDBs in Materials in Unreal Engine","missing_video_url"
64,"301.02","Materials - Stylized Environments and Techniques","missing_video_url"
65,"301.05","Advanced Post Process Materials - Stylization Tech","missing_video_url"
66,"108.01","Control Rig_Introduction to Control Rig","missing_video_url"
67,"208.01","Intermediate Control Rig","missing_video_url"
68,"208.02","Control Rig_Full Body IK Systems","missing_video_url"
69,"208.03","Control Rig_Mechanical Rigging","missing_video_url"
70,"113.01","Metahuman - Introduction","missing_video_url"
71,"313.01","MetaHuman - DNA Calib and Finalization","missing_video_url"
72,"213.02","MetaHuman - Fitting and Customization","missing_video_url"
73,"213.01","MetaHuman - Blueprints and Animation","missing_video_url"
74,"313.02","MetaHuman Editor Workflows (Licensee Only)","missing_video_url"
75,"105.01","QuickStart-Sequencer Shot Creation","missing_video_url"
76,"105.02","Sequencer-Introduction for Virtual Production","missing_video_url"
77,"105.04","Cinematics for AEC","missing_video_url"
78,"105.03","Sequencer for Architecture","missing_video_url"
79,"205.03","Sequencer - Live Link VCam - Shot Creation and Edi","missing_video_url"
80,"205.04","Sequencer - Performance Capture with Take Recorder","missing_video_url"
81,"205.02","Sequencer-CineCamera Tools and Techniques","missing_video_url"
82,"205.01","Sequencer Animation Production Workflows","missing_video_url"
83,"305.02","Sequencer - Adv CineCamera Techniques","missing_video_url"
84,"305.01","Sequencer - Adv Animation Workflows","missing_video_url"
85,"205.05","Sequencer - 2D Effects with Iliad and EPOS","missing_video_url"
86,"105.05","Sequencer-Storyboarding with EPOS","missing_video_url"
87,"216.00","Introduction to Augmented Reality","missing_video_url"
88,"216.03","Introduction to Virtual Reality","missing_video_url"
89,"216.10","Working with Digital Twins","missing_video_url"
90,"206.02","Datasmith Automation for AEC","missing_video_url"
91,"106.01","FBX Data Ingestion","missing_video_url"
92,"106.02","Datasmith Ingestion","missing_video_url"
93,"206.01","Datasmith Automation for Automotive and Aerospace","missing_video_url"
94,"124.05","124.05","missing_video_url"
95,"117.01","Introduction to Metasound","missing_video_url"
96,"117.00","Quickstart for Audio in Unreal Engine","missing_video_url"
97,"217.01","Intermediate Metasound","missing_duration_minutes;missing_video_url"
98,"218.01","ICVFX Calibration - Lens Data and Mapping","missing_video_url"
99,"127.04","UMG and Blueprint for Architecture","missing_video_url"
100,"227.02","Your First Mobile App with Blueprint and UMG 5.00","missing_video_url"
101,"227.05","Blueprint_UMG Fundamentals for HMI - UMG Design","missing_video_url"
102,"227.06","UMG Fundamentals for HMI - Materials","missing_video_url"
103,"227.07","UMG Fundamentals for HMI - Lights and Cameras","missing_video_url"
104,"227.08","Intermediate HMI Pipeline","missing_video_url"
105,"226.02","Motion Design - Dynamic Content Creation","missing_video_url"
106,"100.11","EquipmentTour v02","missing_duration_minutes;missing_video_url"
107,"100.13","ClosingThoughts","missing_duration_minutes;missing_video_url;missing_topic"
108,"100.16","WrapUp","missing_duration_minutes;missing_video_url;missing_topic"
109,"102.01","Button","missing_duration_minutes;missing_video_url;missing_topic"
110,"103.01","Lighting Properties","missing_duration_minutes;missing_video_url"
111,"105.00","Final","missing_duration_minutes;missing_video_url;missing_topic"
112,"107.01","IntrotoAnimation","missing_duration_minutes;missing_video_url"
113,"107.03","OriginalAnimationBlueprint","missing_duration_minutes;missing_video_url"
114,"112.00","Outro","missing_duration_minutes;missing_video_url;missing_topic"
115,"112.01","Outro","missing_duration_minutes;missing_video_url;missing_topic"
116,"112.02","Outro","missing_duration_minutes;missing_video_url;missing_topic"
117,"112.03","Intro","missing_duration_minutes;missing_video_url"
118,"115.01","Blueprint","missing_duration_minutes;missing_video_url"
119,"115.02","115.02","missing_duration_minutes;missing_video_url;missing_topic"
120,"115.03","Blackboard&EQS part2","missing_duration_minutes;missing_video_url"
121,"115.04","TestingMultiplayer","missing_duration_minutes;missing_video_url"
122,"115.05","ResourcesSupport","missing_duration_minutes;missing_video_url;missing_topic"
123,"116.01","116.01","missing_duration_minutes;missing_video_url;missing_topic"
124,"118.01","118.01","missing_duration_minutes;missing_video_url;missing_topic"
125,"119.01","Example4","missing_duration_minutes;missing_video_url;missing_topic"
126,"124.02","Avoidance","missing_duration_minutes;missing_video_url;missing_topic"
127,"124.03","StateTreeExercise2","missing_duration_minutes;missing_video_url;missing_topic"
128,"124.06","EQSSetup2","missing_duration_minutes;missing_video_url"
129,"125.02","Outro","missing_duration_minutes;missing_video_url;missing_topic;no_tags"
130,"127.02","Outro","missing_duration_minutes;missing_video_url;missing_topic"
131,"201.01","Creating Masked Materials with Nodes","missing_duration_minutes;missing_video_url"
132,"201.02","Outro","missing_duration_minutes;missing_video_url;missing_topic"
133,"201.03","SubstrateRecap","missing_duration_minutes;missing_video_url;missing_topic"
134,"201.08","Introduction","missing_duration_minutes;missing_video_url;no_tags"
135,"202.01","LightBPSetup&Creation","missing_duration_minutes;missing_video_url"
136,"203.01","Outro","missing_duration_minutes;missing_video_url;missing_topic"
137,"203.03","Outro","missing_duration_minutes;missing_video_url;missing_topic"
138,"204.01","Outro","missing_duration_minutes;missing_video_url;missing_topic"
139,"205.00","Final","missing_duration_minutes;missing_video_url;missing_topic"
140,"211.00","LevelInstanceActor","missing_duration_minutes;missing_video_url;missing_topic"
141,"215.01","Outro-WhereToNext","missing_duration_minutes;missing_video_url;missing_topic"
142,"216.05","216.05","missing_duration_minutes;missing_video_url;missing_topic"
143,"216.06","Work Perforce","missing_duration_minutes;missing_video_url;missing_topic"
144,"216.09","PackageBuild","missing_duration_minutes;missing_video_url"
145,"218.02","218.02","missing_duration_minutes;missing_video_url;missing_topic"
146,"218.03","OCIO Part2 v02","missing_duration_minutes;missing_video_url;missing_topic"
147,"219.02","Outro","missing_duration_minutes;missing_video_url;missing_topic"
148,"222.01","Outro","missing_duration_minutes;missing_video_url;missing_topic"
149,"305.00","Final","missing_duration_minutes;missing_video_url;missing_topic"
150,"308.02","Outro","missing_duration_minutes;missing_video_url;missing_topic"
151,"308.03"," ContructionEvent","missing_duration_minutes;missing_video_url;missing_topic"
152,"309.02","Workshop","missing_duration_minutes;missing_video_url;missing_topic"
153,"318.00","318.00","missing_duration_minutes;missing_video_url;missing_topic"
154,"318.02","318.02","missing_duration_minutes;missing_video_url;missing_topic"