Tag,Frequency
"level",91
"editor",89
"material",79
"blueprint",66
"camera",61
"actor",61
"button",61
"tool",57
"animation",53
"lighting",52
"node",42
"sequencer",39
"character",37
"graph",35
"component",30
"menu",30
"interface",28
"skeletal",27
"lod",26
"volume",26
"compile",26
"umg",26
"event",26
"rig",24
"plugin",23
"optimization",23
"ui",23
"track",22
"build",20
"skeleton",20
"performance",19
"variable",19
"landscape",18
"lumen",17
"body",17
"controller",16
"target",16
"function",15
"ray tracing",14
"techniques",14
"foliage",13
"tools",13
"aec",13
"nanite",12
"niagara",12
"pose",12
"unreal",12
"metahuman",12
"focus",11
"quickstart",11
"thankyou",11
"session",11
"control_rig",11
"engine",11
"collision",10
"post process",10
"hmi",10
"exposure",10
"game mode",10
"architecture",10
"sculpt",9
"spline",9
"creation",9
"reflection",9
"control rig",9
"virtual production",8
"blueprints",8
"grass",8
"simulation",8
"volumetric",8
"platform",8
"vehicle",8
"project",8
"fundamentals",8
"intermediate",8
"control",8
"production",7
"virtual",7
"console",7
"global illumination",7
"take recorder",7
"pawn",7
"features",7
"first",7
"widget",7
"python",7
"ik",7
"facial",7
"profiling",6
"scatter",6
"virtual shadow",6
"shader",6
"content",6
"ai",6
"workshop",6
"movie render",6
"skin",6
"keyframe",6
"density",5
"gameplay",5